{
  "runtimeOptions": {
    "tfm": "net10.0",
    "includedFrameworks": [
      {
        "name": "Microsoft.NETCore.App",
        "version": "10.0.0"
      },
      {
        "name": "Microsoft.WindowsDesktop.App",
        "version": "10.0.0"
      }
    ],
    "configProperties": {
      "System.Reflection.Metadata.MetadataUpdater.IsSupported": false,
      "System.Runtime.Serialization.EnableUnsafeBinaryFormatterSerialization": false,
      "CSWINRT_USE_WINDOWS_UI_XAML_PROJECTIONS": false
    }
  }
}